timestamp,issuer,action,message,destination
0,IP1,send,1,M1
0,IP1,send,2,M2
0,IP1,send,3,M2
0,IP1,send,4,M1
0,IP1,send,5,M2
0,IP1,send,6,M1
0,IP1,send,7,M2
0,IP1,send,8,M1
0,IP1,send,9,M1
0,IP1,send,10,M2
0,IP1,send,11,M2
0,IP1,send,12,M2
0,IP1,send,13,M1
0,IP1,send,14,M2
0,IP1,send,15,M2
0,IP1,send,16,M2
0,IP1,send,17,M2
0,IP1,send,18,M1
0,IP1,send,19,M1
0,IP1,send,20,M1
0,IP1,send,21,M1
0,IP1,send,22,M2
0,IP1,send,23,M1
0,IP1,send,24,M1
0,IP1,send,25,M3
0,M1,receive,1,None
0,M1,accept,1,None
0,M2,receive,2,None
0,M2,accept,2,None
0,M2,receive,3,None
0,M2,accept,3,None
0,M1,receive,4,None
0,M1,accept,4,None
0,M2,receive,5,None
0,M2,accept,5,None
0,M1,receive,6,None
0,M1,accept,6,None
0,M2,receive,7,None
0,M2,accept,7,None
0,M1,receive,8,None
0,M1,accept,8,None
0,M1,receive,9,None
0,M1,accept,9,None
0,M2,receive,10,None
0,M2,accept,10,None
0,M2,receive,11,None
0,M2,accept,11,None
0,M2,receive,12,None
0,M2,accept,12,None
0,M1,receive,13,None
0,M1,accept,13,None
0,M2,receive,14,None
0,M2,accept,14,None
0,M2,receive,15,None
0,M2,accept,15,None
0,M2,receive,16,None
0,M2,accept,16,None
0,M2,receive,17,None
0,M2,accept,17,None
0,M1,receive,18,None
0,M1,accept,18,None
0,M1,receive,19,None
0,M1,accept,19,None
0,M1,receive,20,None
0,M1,accept,20,None
0,M1,receive,21,None
0,M1,accept,21,None
0,M2,receive,22,None
0,M2,accept,22,None
0,M1,receive,23,None
0,M1,accept,23,None
0,M1,receive,24,None
0,M1,accept,24,None
0,M3,receive,25,None
0,M3,accept,25,None
45,M2,send,7,M3
45,M3,receive,7,None
45,M3,accept,7,None
61,M2,send,14,M3
61,M3,receive,14,None
61,M3,accept,14,None
95,M2,send,11,M3
95,M3,receive,11,None
95,M3,accept,11,None
105,M1,send,9,M3
105,M3,receive,9,None
105,M3,accept,9,None
149,M2,send,17,M3
149,M3,receive,17,None
149,M3,accept,17,None
177,M3,send,25,M1
177,M1,receive,25,None
177,M1,accept,25,None
291,M1,send,4,M3
291,M3,receive,4,None
291,M3,accept,4,None
585,M1,send,13,M3
585,M3,receive,13,None
585,M3,accept,13,None
600,M2,send,15,M3
600,M3,receive,15,None
600,M3,accept,15,None
652,M2,send,12,M3
652,M3,receive,12,None
652,M3,accept,12,None
797,M3,send,14,EP
797,EP1,receive,14,None
841,M3,send,12,EP
841,EP1,receive,12,None
863,M3,send,15,EP
863,EP1,receive,15,None
952,M3,send,17,EP
952,EP1,receive,17,None
1054,M2,send,3,M3
1054,M3,receive,3,None
1054,M3,accept,3,None
1060,M2,send,2,M3
1060,M3,receive,2,None
1060,M3,accept,2,None
1083,M2,send,5,M3
1083,M3,receive,5,None
1083,M3,accept,5,None
1268,M1,send,1,M3
1268,M3,receive,1,None
1268,M3,accept,1,None
1312,M3,send,5,EP
1312,EP1,receive,5,None
1353,M3,send,11,EP
1353,EP1,receive,11,None
1508,M3,send,1,EP
1508,EP1,receive,1,None
1554,M1,send,18,M3
1554,M3,receive,18,None
1554,M3,accept,18,None
1728,M2,send,10,M3
1728,M3,receive,10,None
1728,M3,accept,10,None
1800,M3,send,7,EP
1800,EP1,receive,7,None
1819,M1,send,19,M3
1819,M3,receive,19,None
1819,M3,accept,19,None
1938,M3,send,4,EP
1938,EP1,receive,4,None
2093,M2,send,16,M3
2093,M3,receive,16,None
2093,M3,accept,16,None
2125,M1,send,8,M3
2125,M3,receive,8,None
2125,M3,accept,8,None
2141,M3,send,10,EP
2141,EP1,receive,10,None
2210,M3,send,8,EP
2210,EP1,receive,8,None
2213,M3,send,16,EP
2213,EP1,receive,16,None
2238,M3,send,19,EP
2238,EP1,receive,19,None
2304,M3,send,9,EP
2304,EP1,receive,9,None
2351,M3,send,3,EP
2351,EP1,receive,3,None
2446,M3,send,2,EP
2446,EP1,receive,2,None
2590,M1,send,6,M3
2590,M3,receive,6,None
2590,M3,accept,6,None
2719,M3,send,18,EP
2719,EP1,receive,18,None
2961,M3,send,6,EP
2961,EP1,receive,6,None
3064,M3,send,13,EP
3064,EP1,receive,13,None
